{
    "accuracy": 0.846,
    "precision": 0.9166869141361501,
    "recall": 0.863,
    "f1": 0.8872126456784685,
    "roc_auc": 0.9912054777777778
}