{
    "accuracy": 0.8057,
    "precision": 0.9259397608951007,
    "recall": 0.8102,
    "f1": 0.8564876738641,
    "roc_auc": 0.9887555222222222
}