{
    "accuracy": 0.8578,
    "precision": 0.9261186261132976,
    "recall": 0.8724,
    "f1": 0.8967076480450152,
    "roc_auc": 0.9923044444444444
}