{
    "accuracy": 0.7758,
    "precision": 0.9164326471704344,
    "recall": 0.7813,
    "f1": 0.8328512982361295,
    "roc_auc": 0.9864635555555556
}